{
  "last_updated": 1640887163,
  "ttl": 0,
  "version": "2.3-RC2",
  "data": {
    "bikes": [
      {
        "bike_id": "c569aebe-288f-4433-8bc9-f1598d3e24f2",
        "station_id": "10001",
        "current_range_meters": 300000,
        "is_reserved": false,
        "is_disabled": false,
        "vehicle_type_id": "cyclocity-escooter-0001"
      },
      {
        "bike_id": "a0079d2d-fa99-4eaf-96ba-6023419ea23f",
        "station_id": "10001",
        "current_range_meters": 300000,
        "is_reserved": false,
        "is_disabled": false,
        "vehicle_type_id": "cyclocity-escooter-0001"
      },
      {
        "bike_id": "c982541d-7d84-4626-923d-b87e7532e403",
        "station_id": "10001",
        "current_range_meters": 300000,
        "is_reserved": false,
        "is_disabled": false,
        "vehicle_type_id": "cyclocity-escooter-0001"
      },
      {
        "bike_id": "645d8403-7eb4-47ae-bf90-f7f988dc5724",
        "station_id": "10001",
        "current_range_meters": 300000,
        "is_reserved": false,
        "is_disabled": false,
        "vehicle_type_id": "cyclocity-escooter-0001"
      },
      {
        "bike_id": "b9f1d7a2-898b-45b7-9576-80c96eeee21a",
        "station_id": "10002",
        "current_range_meters": 300000,
        "is_reserved": false,
        "is_disabled": false,
        "vehicle_type_id": "cyclocity-escooter-0001"
      },
      {
        "bike_id": "abe960f3-de05-43d4-8d35-8d9d81ad702c",
        "station_id": "10002",
        "current_range_meters": 300000,
        "is_reserved": false,
        "is_disabled": false,
        "vehicle_type_id": "cyclocity-escooter-0001"
      },
      {
        "bike_id": "d0ef5d1b-0cfb-44b0-ac2b-174b618a74fb",
        "station_id": "10002",
        "current_range_meters": 300000,
        "is_reserved": false,
        "is_disabled": false,
        "vehicle_type_id": "cyclocity-escooter-0001"
      },
      {
        "bike_id": "d3b91c33-955e-4526-a712-6a0d56923e2c",
        "station_id": "10002",
        "current_range_meters": 300000,
        "is_reserved": false,
        "is_disabled": false,
        "vehicle_type_id": "cyclocity-escooter-0001"
      },
      {
        "bike_id": "9cf61b48-4557-4227-92cb-32f8bce892db",
        "station_id": "10003",
        "current_range_meters": 300000,
        "is_reserved": false,
        "is_disabled": false,
        "vehicle_type_id": "cyclocity-escooter-0001"
      },
      {
        "bike_id": "7ef6011d-ff9a-4b1c-9fbf-07f77a0ac4f2",
        "station_id": "10003",
        "current_range_meters": 300000,
        "is_reserved": false,
        "is_disabled": false,
        "vehicle_type_id": "cyclocity-escooter-0001"
      },
      {
        "bike_id": "0466c5ad-bb86-47cc-a9e8-d84c54f61a00",
        "station_id": "10003",
        "current_range_meters": 300000,
        "is_reserved": false,
        "is_disabled": false,
        "vehicle_type_id": "cyclocity-escooter-0001"
      },
      {
        "bike_id": "5e714a9a-1d46-43ff-be63-428632b17295",
        "station_id": "10003",
        "current_range_meters": 300000,
        "is_reserved": false,
        "is_disabled": false,
        "vehicle_type_id": "cyclocity-escooter-0001"
      },
      {
        "bike_id": "227d70a3-31c2-44cf-b2d9-d48e4a3b1dba",
        "station_id": "10004",
        "current_range_meters": 300000,
        "is_reserved": false,
        "is_disabled": false,
        "vehicle_type_id": "cyclocity-escooter-0001"
      },
      {
        "bike_id": "46e68b94-27ab-4a11-abd1-7b5c08b6cff6",
        "station_id": "10004",
        "current_range_meters": 300000,
        "is_reserved": false,
        "is_disabled": false,
        "vehicle_type_id": "cyclocity-escooter-0001"
      },
      {
        "bike_id": "ea94e4af-67c9-44b6-9466-400e2d6c868b",
        "station_id": "10004",
        "current_range_meters": 300000,
        "is_reserved": false,
        "is_disabled": false,
        "vehicle_type_id": "cyclocity-escooter-0001"
      },
      {
        "bike_id": "7d7071bd-ba1c-4ad5-93cc-2eb3b56142da",
        "station_id": "10004",
        "current_range_meters": 300000,
        "is_reserved": false,
        "is_disabled": false,
        "vehicle_type_id": "cyclocity-escooter-0001"
      },
      {
        "bike_id": "e322cb9b-7227-42f7-9d53-eb9d5ba93bec",
        "station_id": "10005",
        "current_range_meters": 300000,
        "is_reserved": false,
        "is_disabled": false,
        "vehicle_type_id": "cyclocity-escooter-0001"
      },
      {
        "bike_id": "2039bffb-17ee-4024-a7d5-64473a65af3b",
        "station_id": "10005",
        "current_range_meters": 300000,
        "is_reserved": false,
        "is_disabled": false,
        "vehicle_type_id": "cyclocity-escooter-0001"
      },
      {
        "bike_id": "bc087c30-b4b0-4b76-8d4b-5fdfeb133e96",
        "station_id": "10005",
        "current_range_meters": 300000,
        "is_reserved": false,
        "is_disabled": false,
        "vehicle_type_id": "cyclocity-escooter-0001"
      },
      {
        "bike_id": "15eb9e61-2f49-46e2-a3e2-43bf6b098426",
        "station_id": "10005",
        "current_range_meters": 300000,
        "is_reserved": false,
        "is_disabled": false,
        "vehicle_type_id": "cyclocity-escooter-0001"
      },
      {
        "bike_id": "b5bb1526-975b-4e90-9d3b-0f50bf415a75",
        "station_id": "10006",
        "current_range_meters": 300000,
        "is_reserved": false,
        "is_disabled": false,
        "vehicle_type_id": "cyclocity-escooter-0001"
      },
      {
        "bike_id": "8e3a41f8-cce2-49fa-a7d7-3f0ea0131998",
        "station_id": "10006",
        "current_range_meters": 300000,
        "is_reserved": false,
        "is_disabled": false,
        "vehicle_type_id": "cyclocity-escooter-0001"
      },
      {
        "bike_id": "b768ad10-be4e-4092-a5a7-0dbf8c907921",
        "station_id": "10006",
        "current_range_meters": 300000,
        "is_reserved": false,
        "is_disabled": false,
        "vehicle_type_id": "cyclocity-escooter-0001"
      },
      {
        "bike_id": "471fc6e9-41e8-4c58-bc2d-0adb796dbb78",
        "station_id": "10006",
        "current_range_meters": 300000,
        "is_reserved": false,
        "is_disabled": false,
        "vehicle_type_id": "cyclocity-escooter-0001"
      },
      {
        "bike_id": "11f2483a-7261-42d8-abdb-8f3fba005a07",
        "station_id": "10007",
        "current_range_meters": 300000,
        "is_reserved": false,
        "is_disabled": false,
        "vehicle_type_id": "cyclocity-escooter-0001"
      },
      {
        "bike_id": "a9812d3a-1b70-4a95-8642-224a9788ca2c",
        "station_id": "10007",
        "current_range_meters": 300000,
        "is_reserved": false,
        "is_disabled": false,
        "vehicle_type_id": "cyclocity-escooter-0001"
      },
      {
        "bike_id": "62bd2a4e-440f-4b85-889b-788778715f1b",
        "station_id": "10007",
        "current_range_meters": 300000,
        "is_reserved": false,
        "is_disabled": false,
        "vehicle_type_id": "cyclocity-escooter-0001"
      },
      {
        "bike_id": "ea7e2761-10dc-41ec-bbd5-3e1a85379410",
        "station_id": "10007",
        "current_range_meters": 300000,
        "is_reserved": false,
        "is_disabled": false,
        "vehicle_type_id": "cyclocity-escooter-0001"
      },
      {
        "bike_id": "9b120aac-3cee-4ef9-8c22-b063615f1f67",
        "station_id": "10008",
        "current_range_meters": 300000,
        "is_reserved": false,
        "is_disabled": false,
        "vehicle_type_id": "cyclocity-escooter-0001"
      },
      {
        "bike_id": "f0b38832-c0b2-4852-9ebd-32cfba607446",
        "station_id": "10008",
        "current_range_meters": 300000,
        "is_reserved": false,
        "is_disabled": false,
        "vehicle_type_id": "cyclocity-escooter-0001"
      },
      {
        "bike_id": "b8df2356-173b-4e03-9808-3afe511907bc",
        "station_id": "10008",
        "current_range_meters": 300000,
        "is_reserved": false,
        "is_disabled": false,
        "vehicle_type_id": "cyclocity-escooter-0001"
      },
      {
        "bike_id": "9a3d739e-816e-426b-ad9d-f0a6f6f99e00",
        "station_id": "10008",
        "current_range_meters": 300000,
        "is_reserved": false,
        "is_disabled": false,
        "vehicle_type_id": "cyclocity-escooter-0001"
      },
      {
        "bike_id": "4b46ce17-dda7-4320-ab10-e866d4aba1e4",
        "station_id": "10009",
        "current_range_meters": 300000,
        "is_reserved": false,
        "is_disabled": false,
        "vehicle_type_id": "cyclocity-escooter-0001"
      },
      {
        "bike_id": "c9b9f2a8-daed-4f4e-ad7c-22eb3c21b57e",
        "station_id": "10009",
        "current_range_meters": 300000,
        "is_reserved": false,
        "is_disabled": false,
        "vehicle_type_id": "cyclocity-escooter-0001"
      },
      {
        "bike_id": "2ac4a23d-afb8-48d1-82c2-c1edc2e8c824",
        "station_id": "10009",
        "current_range_meters": 300000,
        "is_reserved": false,
        "is_disabled": false,
        "vehicle_type_id": "cyclocity-escooter-0001"
      },
      {
        "bike_id": "a6bc6e1a-1a46-4b46-997a-c69bac7058ea",
        "station_id": "10009",
        "current_range_meters": 300000,
        "is_reserved": false,
        "is_disabled": false,
        "vehicle_type_id": "cyclocity-escooter-0001"
      },
      {
        "bike_id": "10ca83ec-2cc4-466a-b6e5-c11aeaadf850",
        "station_id": "10010",
        "current_range_meters": 300000,
        "is_reserved": false,
        "is_disabled": false,
        "vehicle_type_id": "cyclocity-escooter-0001"
      },
      {
        "bike_id": "f513b335-b9e5-48d2-8b77-38c98ae42df3",
        "station_id": "10010",
        "current_range_meters": 300000,
        "is_reserved": false,
        "is_disabled": false,
        "vehicle_type_id": "cyclocity-escooter-0001"
      },
      {
        "bike_id": "9df414fc-e748-4e58-b889-32b90176dd09",
        "station_id": "10010",
        "current_range_meters": 300000,
        "is_reserved": false,
        "is_disabled": false,
        "vehicle_type_id": "cyclocity-escooter-0001"
      },
      {
        "bike_id": "8b5e3e0e-c7e0-489f-9158-2ef28917515b",
        "station_id": "10010",
        "current_range_meters": 300000,
        "is_reserved": false,
        "is_disabled": false,
        "vehicle_type_id": "cyclocity-escooter-0001"
      },
      {
        "bike_id": "12fcc8cd-37ba-4f46-8fb7-527499c7962b",
        "station_id": "10011",
        "current_range_meters": 300000,
        "is_reserved": false,
        "is_disabled": false,
        "vehicle_type_id": "cyclocity-escooter-0001"
      },
      {
        "bike_id": "afe5246f-fc91-484f-88bb-b5c63906b013",
        "station_id": "10011",
        "current_range_meters": 300000,
        "is_reserved": false,
        "is_disabled": false,
        "vehicle_type_id": "cyclocity-escooter-0001"
      },
      {
        "bike_id": "3060dd27-b1cc-4019-8aac-3d9ba0a74f1a",
        "station_id": "10011",
        "current_range_meters": 300000,
        "is_reserved": false,
        "is_disabled": false,
        "vehicle_type_id": "cyclocity-escooter-0001"
      },
      {
        "bike_id": "bb757669-be9a-41bd-964d-4d92b6f2a270",
        "station_id": "10011",
        "current_range_meters": 300000,
        "is_reserved": false,
        "is_disabled": false,
        "vehicle_type_id": "cyclocity-escooter-0001"
      },
      {
        "bike_id": "0e6254de-14e9-49a5-89d7-49cc4711121f",
        "station_id": "10012",
        "current_range_meters": 300000,
        "is_reserved": false,
        "is_disabled": false,
        "vehicle_type_id": "cyclocity-escooter-0001"
      },
      {
        "bike_id": "0956b984-0b21-4b62-8b3c-848fa2146e2d",
        "station_id": "10012",
        "current_range_meters": 300000,
        "is_reserved": false,
        "is_disabled": false,
        "vehicle_type_id": "cyclocity-escooter-0001"
      },
      {
        "bike_id": "44ae17c4-8ed4-44df-a541-ba41901dc198",
        "station_id": "10012",
        "current_range_meters": 300000,
        "is_reserved": false,
        "is_disabled": false,
        "vehicle_type_id": "cyclocity-escooter-0001"
      },
      {
        "bike_id": "755c51c8-45b2-4bef-954d-3678421b322c",
        "station_id": "10012",
        "current_range_meters": 300000,
        "is_reserved": false,
        "is_disabled": false,
        "vehicle_type_id": "cyclocity-escooter-0001"
      },
      {
        "bike_id": "a34a5ce1-2b23-460e-9dc8-02afb6830105",
        "station_id": "10013",
        "current_range_meters": 300000,
        "is_reserved": false,
        "is_disabled": false,
        "vehicle_type_id": "cyclocity-escooter-0001"
      },
      {
        "bike_id": "de4c1a9c-58b9-4354-83d4-bd33af3e389a",
        "station_id": "10013",
        "current_range_meters": 300000,
        "is_reserved": false,
        "is_disabled": false,
        "vehicle_type_id": "cyclocity-escooter-0001"
      },
      {
        "bike_id": "6248a390-c06d-4427-8335-b7de51cfe0af",
        "station_id": "10013",
        "current_range_meters": 300000,
        "is_reserved": false,
        "is_disabled": false,
        "vehicle_type_id": "cyclocity-escooter-0001"
      },
      {
        "bike_id": "6b6193e7-28ce-438d-98ad-b08e4f560d17",
        "station_id": "10013",
        "current_range_meters": 300000,
        "is_reserved": false,
        "is_disabled": false,
        "vehicle_type_id": "cyclocity-escooter-0001"
      },
      {
        "bike_id": "5b2f9492-cdcf-4e50-8ec2-c4ad0313a550",
        "station_id": "10014",
        "current_range_meters": 300000,
        "is_reserved": false,
        "is_disabled": false,
        "vehicle_type_id": "cyclocity-escooter-0001"
      },
      {
        "bike_id": "d4624156-0379-42e1-a3ca-de6e45a32614",
        "station_id": "10014",
        "current_range_meters": 300000,
        "is_reserved": false,
        "is_disabled": false,
        "vehicle_type_id": "cyclocity-escooter-0001"
      },
      {
        "bike_id": "734eb444-7708-4081-bed0-7ba83d7958f9",
        "station_id": "10014",
        "current_range_meters": 300000,
        "is_reserved": false,
        "is_disabled": false,
        "vehicle_type_id": "cyclocity-escooter-0001"
      },
      {
        "bike_id": "a1e0c27f-0faf-4b18-808f-df6b7425143e",
        "station_id": "10014",
        "current_range_meters": 300000,
        "is_reserved": false,
        "is_disabled": false,
        "vehicle_type_id": "cyclocity-escooter-0001"
      },
      {
        "bike_id": "e9b55488-10a1-4ec4-86b6-2cbbcb1d2fe4",
        "station_id": "10015",
        "current_range_meters": 300000,
        "is_reserved": false,
        "is_disabled": false,
        "vehicle_type_id": "cyclocity-escooter-0001"
      },
      {
        "bike_id": "a48e4c72-3164-4f4f-ad04-423dd7eb16cc",
        "station_id": "10015",
        "current_range_meters": 300000,
        "is_reserved": false,
        "is_disabled": false,
        "vehicle_type_id": "cyclocity-escooter-0001"
      },
      {
        "bike_id": "a2bd118a-a4be-4b52-99ef-057a57dac901",
        "station_id": "10015",
        "current_range_meters": 300000,
        "is_reserved": false,
        "is_disabled": false,
        "vehicle_type_id": "cyclocity-escooter-0001"
      },
      {
        "bike_id": "b74db9c5-63ac-4979-85e8-80d90d0c3084",
        "station_id": "10015",
        "current_range_meters": 300000,
        "is_reserved": false,
        "is_disabled": false,
        "vehicle_type_id": "cyclocity-escooter-0001"
      },
      {
        "bike_id": "7c8cb0d2-48a2-466b-8b50-6d1ff00cc9f6",
        "station_id": "10016",
        "current_range_meters": 300000,
        "is_reserved": false,
        "is_disabled": false,
        "vehicle_type_id": "cyclocity-escooter-0001"
      },
      {
        "bike_id": "0f43cadf-3d60-4722-8efa-1e379d750111",
        "station_id": "10016",
        "current_range_meters": 300000,
        "is_reserved": false,
        "is_disabled": false,
        "vehicle_type_id": "cyclocity-escooter-0001"
      },
      {
        "bike_id": "a1a3632b-c64c-4d66-9c41-aa83eff25f56",
        "station_id": "10016",
        "current_range_meters": 300000,
        "is_reserved": false,
        "is_disabled": false,
        "vehicle_type_id": "cyclocity-escooter-0001"
      },
      {
        "bike_id": "da6e80b8-6679-4813-8140-cd4ceebcfb70",
        "station_id": "10016",
        "current_range_meters": 300000,
        "is_reserved": false,
        "is_disabled": false,
        "vehicle_type_id": "cyclocity-escooter-0001"
      },
      {
        "bike_id": "5e7279fb-6726-465a-ac29-d057765ec53e",
        "station_id": "10017",
        "current_range_meters": 300000,
        "is_reserved": false,
        "is_disabled": false,
        "vehicle_type_id": "cyclocity-escooter-0001"
      },
      {
        "bike_id": "2867854a-5a35-4083-a15b-15ed3ec3867e",
        "station_id": "10017",
        "current_range_meters": 300000,
        "is_reserved": false,
        "is_disabled": false,
        "vehicle_type_id": "cyclocity-escooter-0001"
      },
      {
        "bike_id": "734bb776-f071-48f3-99b8-35f4653b64c5",
        "station_id": "10017",
        "current_range_meters": 300000,
        "is_reserved": false,
        "is_disabled": false,
        "vehicle_type_id": "cyclocity-escooter-0001"
      },
      {
        "bike_id": "2d3b7d6f-6eca-487c-bd30-32583a4bb16d",
        "station_id": "10017",
        "current_range_meters": 300000,
        "is_reserved": false,
        "is_disabled": false,
        "vehicle_type_id": "cyclocity-escooter-0001"
      },
      {
        "bike_id": "2aa5e60d-619e-41ba-96ce-8fe3e43f1149",
        "station_id": "10018",
        "current_range_meters": 300000,
        "is_reserved": false,
        "is_disabled": false,
        "vehicle_type_id": "cyclocity-escooter-0001"
      },
      {
        "bike_id": "dbcb5204-75e8-4267-bd9c-05641acb964d",
        "station_id": "10018",
        "current_range_meters": 300000,
        "is_reserved": false,
        "is_disabled": false,
        "vehicle_type_id": "cyclocity-escooter-0001"
      },
      {
        "bike_id": "e370ab27-9ac7-4daf-ac19-f2a2fd586a98",
        "station_id": "10018",
        "current_range_meters": 300000,
        "is_reserved": false,
        "is_disabled": false,
        "vehicle_type_id": "cyclocity-escooter-0001"
      },
      {
        "bike_id": "65c70d64-4cf5-4fd7-85bc-4c4d68313e57",
        "station_id": "10018",
        "current_range_meters": 300000,
        "is_reserved": false,
        "is_disabled": false,
        "vehicle_type_id": "cyclocity-escooter-0001"
      },
      {
        "bike_id": "c4a13964-1edc-436f-853a-4a1ec253b7cc",
        "station_id": "10019",
        "current_range_meters": 300000,
        "is_reserved": false,
        "is_disabled": false,
        "vehicle_type_id": "cyclocity-escooter-0001"
      },
      {
        "bike_id": "91424869-d22c-40a7-8d9f-31766e15d682",
        "station_id": "10019",
        "current_range_meters": 300000,
        "is_reserved": false,
        "is_disabled": false,
        "vehicle_type_id": "cyclocity-escooter-0001"
      },
      {
        "bike_id": "c7d34041-519e-42c1-95c6-19d98db091ce",
        "station_id": "10019",
        "current_range_meters": 300000,
        "is_reserved": false,
        "is_disabled": false,
        "vehicle_type_id": "cyclocity-escooter-0001"
      },
      {
        "bike_id": "b012954c-2cb9-4182-8010-42861ea443bc",
        "station_id": "10019",
        "current_range_meters": 300000,
        "is_reserved": false,
        "is_disabled": false,
        "vehicle_type_id": "cyclocity-escooter-0001"
      },
      {
        "bike_id": "c58e0427-8299-410b-b98e-b7a16203089d",
        "station_id": "10020",
        "current_range_meters": 300000,
        "is_reserved": false,
        "is_disabled": false,
        "vehicle_type_id": "cyclocity-escooter-0001"
      },
      {
        "bike_id": "75fd899a-f910-463c-9918-6134c9f61f4a",
        "station_id": "10020",
        "current_range_meters": 300000,
        "is_reserved": false,
        "is_disabled": false,
        "vehicle_type_id": "cyclocity-escooter-0001"
      },
      {
        "bike_id": "99f7145a-bb05-44f6-9962-960a16779b84",
        "station_id": "10020",
        "current_range_meters": 300000,
        "is_reserved": false,
        "is_disabled": false,
        "vehicle_type_id": "cyclocity-escooter-0001"
      },
      {
        "bike_id": "730c08a5-a252-4f90-93ae-de5be6c63ce7",
        "station_id": "10020",
        "current_range_meters": 300000,
        "is_reserved": false,
        "is_disabled": false,
        "vehicle_type_id": "cyclocity-escooter-0001"
      },
      {
        "bike_id": "138487a0-dc27-46fa-a0fb-906bc694b501",
        "station_id": "10021",
        "current_range_meters": 300000,
        "is_reserved": false,
        "is_disabled": false,
        "vehicle_type_id": "cyclocity-escooter-0001"
      },
      {
        "bike_id": "ae43ea08-0ef1-43b9-8367-e01a0f9aeb3d",
        "station_id": "10021",
        "current_range_meters": 300000,
        "is_reserved": false,
        "is_disabled": false,
        "vehicle_type_id": "cyclocity-escooter-0001"
      },
      {
        "bike_id": "70695c41-9fea-4ce3-a795-2effa22e0832",
        "station_id": "10021",
        "current_range_meters": 300000,
        "is_reserved": false,
        "is_disabled": false,
        "vehicle_type_id": "cyclocity-escooter-0001"
      },
      {
        "bike_id": "bfb8c6bf-a5ca-47ec-aea6-b6804cc03ef0",
        "station_id": "10021",
        "current_range_meters": 300000,
        "is_reserved": false,
        "is_disabled": false,
        "vehicle_type_id": "cyclocity-escooter-0001"
      },
      {
        "bike_id": "44e8c466-af12-4db4-8c50-8c62f4fec331",
        "station_id": "10022",
        "current_range_meters": 300000,
        "is_reserved": false,
        "is_disabled": false,
        "vehicle_type_id": "cyclocity-escooter-0001"
      },
      {
        "bike_id": "af3433cb-4ef4-47a3-a487-6a155de8aca8",
        "station_id": "10022",
        "current_range_meters": 300000,
        "is_reserved": false,
        "is_disabled": false,
        "vehicle_type_id": "cyclocity-escooter-0001"
      },
      {
        "bike_id": "d341cbad-2c5b-401f-bc54-790072815ac1",
        "station_id": "10022",
        "current_range_meters": 300000,
        "is_reserved": false,
        "is_disabled": false,
        "vehicle_type_id": "cyclocity-escooter-0001"
      },
      {
        "bike_id": "b54c74c3-ae57-4bb5-bb9d-ab9d7b40ed93",
        "station_id": "10022",
        "current_range_meters": 300000,
        "is_reserved": false,
        "is_disabled": false,
        "vehicle_type_id": "cyclocity-escooter-0001"
      },
      {
        "bike_id": "80fde97d-7085-429f-8c2c-0ac86c04e655",
        "station_id": "10023",
        "current_range_meters": 300000,
        "is_reserved": false,
        "is_disabled": false,
        "vehicle_type_id": "cyclocity-escooter-0001"
      },
      {
        "bike_id": "6f00e553-3d44-43a2-86cc-77d522610a77",
        "station_id": "10023",
        "current_range_meters": 300000,
        "is_reserved": false,
        "is_disabled": false,
        "vehicle_type_id": "cyclocity-escooter-0001"
      },
      {
        "bike_id": "fb78bbf7-cc86-4355-8fe4-edd4b6cc95a3",
        "station_id": "10023",
        "current_range_meters": 300000,
        "is_reserved": false,
        "is_disabled": false,
        "vehicle_type_id": "cyclocity-escooter-0001"
      },
      {
        "bike_id": "25236ce2-cbe2-4459-8fec-a73e93877727",
        "station_id": "10023",
        "current_range_meters": 300000,
        "is_reserved": false,
        "is_disabled": false,
        "vehicle_type_id": "cyclocity-escooter-0001"
      }
    ]
  }
}