{
  "last_updated": 1640887163,
  "ttl": 0,
  "version": "2.3-RC2",
  "data": {
    "jp": {
      "feeds": [
        {
          "name": "free_bike_status",
          "url": ""
        },
        {
          "name": "gbfs",
          "url": ""
        },
        {
          "name": "station_information",
          "url": ""
        },
        {
          "name": "station_status",
          "url": ""
        },
        {
          "name": "system_information",
          "url": ""
        },
        {
          "name": "vehicle_types",
          "url": ""
        }
      ]
    }
  }
}