{
  "last_updated": 1640887163,
  "ttl": 0,
  "version": "2.3-RC2",
  "data": {
    "stations": [
        {
            "station_id": "10001",
            "name": "環水公園 東",
            "lat": "36.705215",
            "lon": "137.216019",
            "is_charging_station": "TRUE",
            "capacity": 7
        },
        {
            "station_id": "10002",
            "name": "富山駅北",
            "lat": "36.703285",
            "lon": "137.214356",
            "is_charging_station": "TRUE",
            "capacity": 7
        },
        {
            "station_id": "10003",
            "name": "富山駅南①",
            "lat": "36.701883",
            "lon": "137.212355",
            "is_charging_station": "TRUE",
            "capacity": 7
        },
        {
            "station_id": "10004",
            "name": "富山駅南②",
            "lat": "36.70058284",
            "lon": "137.2124359",
            "is_charging_station": "TRUE",
            "capacity": 7
        },
        {
            "station_id": "10005",
            "name": "桜橋通り",
            "lat": "36.698574",
            "lon": "137.215729",
            "is_charging_station": "TRUE",
            "capacity": 7
        },
        {
            "station_id": "10006",
            "name": "市役所",
            "lat": "36.696499",
            "lon": "137.21469",
            "is_charging_station": "TRUE",
            "capacity": 7
        },
        {
            "station_id": "10007",
            "name": "北新町１丁目",
            "lat": "36.69480365",
            "lon": "137.2203987",
            "is_charging_station": "TRUE",
            "capacity": 7
        },
        {
            "station_id": "10008",
            "name": "本町",
            "lat": "36.694206",
            "lon": "137.21617",
            "is_charging_station": "TRUE",
            "capacity": 7
        },
        {
            "station_id": "10009",
            "name": "城址公園東",
            "lat": "36.693295",
            "lon": "137.211227",
            "is_charging_station": "TRUE",
            "capacity": 7
        },
        {
            "station_id": "10010",
            "name": "丸の内",
            "lat": "36.69277768",
            "lon": "137.2096926",
            "is_charging_station": "TRUE",
            "capacity": 7
        },
        {
            "station_id": "10011",
            "name": "大手町",
            "lat": "36.69162",
            "lon": "137.21199",
            "is_charging_station": "TRUE",
            "capacity": 7
        },
        {
            "station_id": "10012",
            "name": "荒町",
            "lat": "36.691517",
            "lon": "137.215574",
            "is_charging_station": "TRUE",
            "capacity": 7
        },
        {
            "station_id": "10013",
            "name": "旅籠町",
            "lat": "36.68982002",
            "lon": "137.2087321",
            "is_charging_station": "TRUE",
            "capacity": 7
        },
        {
            "station_id": "10014",
            "name": "西町",
            "lat": "36.68964292",
            "lon": "137.2147685",
            "is_charging_station": "TRUE",
            "capacity": 7
        },
        {
            "station_id": "10015",
            "name": "堤町通り",
            "lat": "36.68976336",
            "lon": "137.2176685",
            "is_charging_station": "TRUE",
            "capacity": 7
        },
        {
            "station_id": "10016",
            "name": "県庁前公園",
            "lat": "36.69237193",
            "lon": "137.2144702",
            "is_charging_station": "TRUE",
            "capacity": 7
        },
        {
            "station_id": "10017",
            "name": "環水公園　西",
            "lat": "36.70891847",
            "lon": "137.210157",
            "is_charging_station": "TRUE",
            "capacity": 7
        },
        {
            "station_id": "10018",
            "name": "富山大学前",
            "lat": "36.69892743",
            "lon": "137.1910047",
            "is_charging_station": "TRUE",
            "capacity": 7
        },
        {
            "station_id": "10019",
            "name": "南口駅前広場",
            "lat": "36.70212686",
            "lon": "137.2124163",
            "is_charging_station": "TRUE",
            "capacity": 7
        },
        {
            "station_id": "10020",
            "name": "水墨美術館",
            "lat": "36.69994169",
            "lon": "137.1968488",
            "is_charging_station": "TRUE",
            "capacity": 7
        },
        {
            "station_id": "10021",
            "name": "富山大学構内",
            "lat": "36.701404",
            "lon": "137.1890674",
            "is_charging_station": "TRUE",
            "capacity": 7
        },
        {
            "station_id": "10022",
            "name": "呉羽丘陵多目的広場",
            "lat": "36.70406957",
            "lon": "137.1808547",
            "is_charging_station": "TRUE",
            "capacity": 7
        },
        {
            "station_id": "10023",
            "name": "民俗民芸村",
            "lat": "36.71088614",
            "lon": "137.1898152",
            "is_charging_station": "TRUE",
            "capacity": 7
        }
    ]
  }
}